SeatNo,Name,Shift,Mobile,Aadhar,JoiningDate,Plan,CardNo,Fee,Mode,LastPaid,DueDate,Remarks
A9,Neeru Yadav,12 Hours,9289572374,,2026-08-02,Monthly,,1350,Cash,2026-09-02,2026-10-02,
C1,Anchal Gupta,12 Hours,8527933057,,2026-04-03,Monthly,,1350,Cash,2026-09-03,2026-10-03,
H10,Binit Mishra,12 Hours,7979823634,,2026-05-02,Monthly,,1200,Cash,2026-10-02,2026-11-01,
G10,Manisha Yadav,12 Hours,9810755027,,2026-04-02,Monthly,,1200,Cash,2026-09-02,2026-10-02,
A7,Ghanshyam,12 Hours,9808902012,,2026-05-02,Monthly,,1350,Cash,2026-09-02,2026-10-02,
H4,Monika Choudhary,12 Hours,9650587191,,2026-04-08,Monthly,,1200,Cash,2026-09-08,2026-10-08,
B4,Ajay Yadav,12 Hours,7701822202,,2026-04-04,Monthly,,1500,Cash,2026-09-04,2026-10-04,
B7,Radhey Sahu,12 Hours,9650165364,,2026-06-01,Monthly,,1400,Cash,2026-09-01,2026-10-01,
Pending,Shalu Yadav,12 Hours,8383932596,,2026-06-03,Monthly,,1300,Cash,2026-09-03,2026-10-03,
G4,Narender Kumar,12 Hours,9354763084,,2026-04-07,Quarterly,,2900,Cash,2026-07-07,2026-10-05,"PAID FOR (7,8,9) MONTH"
A10,Sapna,12 Hours,8826243445,,2026-06-02,Monthly,,1350,Cash,2026-09-02,2026-10-02,
Pending,Meenakshi,12 Hours,7303939552,,2026-07-02,Monthly,,1100,Cash,2026-09-02,2026-10-02,
Pending,Jitesh Parihar,12 Hours,7906777027,,2026-06-16,Monthly,,1500,Cash,2026-09-16,2026-10-16,
Pending,Khushi Yadav (Mannu Metha),12 Hours,8930995435,,2026-07-02,Monthly,,1200,Cash,2026-09-02,2026-10-02,"paid 3 months together (7,8,9)"
Pending,Shreyash,12 Hours,8545943312,,2026-07-04,Monthly,,1350,Cash,2026-09-04,2026-10-04,
Pending,Deepak Kumar,12 Hours,7011490356,,2026-07-03,Monthly,,1500,Cash,2026-10-03,2026-11-02,
F10,Chunmesh Gurawaliya,12 Hours,9050360958,,2026-07-02,Monthly,,1500,Cash,2026-10-02,2026-11-01,
G9,Piyush Raj,12 Hours,9217497149,,2026-07-12,Monthly,,1500,Cash,2026-08-12,2026-09-11,
Pending,leesha,12 Hours,8595583809,,2026-07-14,Monthly,,1500,Cash,2026-09-14,2026-10-14,
Pending,Faijan,12 Hours,7417628086,,2026-07-25,Monthly,,1350,Cash,2026-07-25,2026-08-24,Leave
Pending,Gaurav Yadav,12 Hours,7840001141,,2026-10-02,Monthly,,1000,Cash,2026-10-02,2026-11-01,
Pending,Gaju,12 Hours,9911559516,,2026-07-17,Monthly,,1350,Cash,2026-09-17,2026-10-17,
Pending,Kaushlender singh,12 Hours,9559328254,,2026-08-01,Monthly,,1500,Cash,2026-08-01,2026-08-31,
Pending,Brijesh Yadav,12 Hours,7428565462,,2026-08-18,Monthly,,1400,Cash,2026-09-18,2026-10-18,
Pending,Akshay Bhau,12 Hours,7030276291,,2026-08-22,Monthly,,1500,Cash,2026-09-22,2026-10-22,
Pending,Saurabh Tiwari,12 Hours,7042712184,,2026-09-12,Monthly,,1500,Cash,2026-09-12,2026-10-12,
E8,Shashikant Singh,12 Hours,9113192669,,2026-09-09,Monthly,,1400,Cash,2026-09-09,2026-10-09,
C8,Rahul Raj,12 Hours,8825351846,,2026-09-03,Monthly,,1350,Cash,2026-09-03,2026-10-03,
E3,Ashutosh Pandey,12 Hours,9873655721,,2026-09-20,Monthly,,1500,Cash,2026-09-20,2026-10-20,
NR,Harsh Yadav,12 Hours,9034450723,,2026-10-01,Monthly,,1500,Cash,2026-10-01,2026-10-31,only for 1 month
J,Arun Gupta,6 Hours,9560629914,,2026-04-02,Monthly,,1000,Cash,2026-10-02,2026-11-01,
Pending,Rishab Sharma,6 Hours,9871510313,,2026-05-19,Monthly,,800,Cash,2026-09-19,2026-10-19,
Pending,Parvesh B,6 Hours,9306935099,,2026-05-07,Monthly,,900,Cash,2026-09-07,2026-10-07,
Pending,Raksha Wankhede,6 Hours,6266138072,,2026-03-27,Customize,,1800,Cash,2026-07-27,2026-09-25,
Pending,Nitesh Vishwkrma,6 Hours,7879200776,,2026-05-02,Monthly,,900,Cash,2026-10-02,2026-11-01,
Pending,Shri ram hardware,6 Hours,,,2026-05-02,Monthly,Yes,800,Cash,2026-05-02,2026-06-01,
Pending,Vidhushi Yadav,6 Hours,8059163447,,2026-07-02,Monthly,,1200,Cash,2026-09-02,2026-10-02,
Pending,Naveen kumar,6 Hours,9550344450,,2026-07-13,Monthly,,1000,Cash,2026-09-13,2026-10-13,
F2,Bainaboina,6 Hours,6302933859,,2026-08-16,Monthly,,1100,Cash,2026-09-16,2026-10-16,
E5,Suchitra,6 Hours,9016587778,,2026-09-09,Monthly,,1200,Cash,2026-09-09,2026-10-09,
E8,Shashikant singh,6 Hours,9113192669,,2026-09-08,Monthly,,1400,Cash,2026-09-08,2026-10-08,
E6,Harsh Kumar,6 Hours,7903089965,,2026-09-04,Monthly,,1000,Cash,2026-10-04,2026-11-03,check msg for fees
NR,Rashid Khan,6 Hours,8003037715,,2026-09-09,Monthly,,1000,Cash,2026-09-09,2026-10-09,
Pending,Shivam Singh,6 Hours,9266104871,,2026-09-02,Monthly,,1200,Cash,2026-09-02,2026-10-02,
Pending,Piyush Mangal Chahande,6 Hours,8888203750,,2026-08-23,Monthly,,1200,Cash,2026-09-23,2026-10-23,
Pending,Krishna kumari,6 Hours,8103350714,,2026-09-17,Monthly,,900,Cash,2026-09-17,2026-10-17,