S.No,Name of Student,Mobile No,Shift,Seat No,Card No,Plan,Fee (₹),Mode,Joining Date,Last Payment Date,Due Date,Remarks,May,June,July,Aug,Sep,Oct,Nov,Dec
1,Himanshu Partap,9125462201,12 Hours,G8,,Monthly,1350,Cash,2026-05-10,2026-07-10,2026-08-09,terminate,YES,YES,YES,,,,,
2,Neeru Yadav,9289572374,12 Hours,A9,,Monthly,1350,Cash,2026-08-02,2026-09-02,2026-10-02,,YES,YES,,,,,,
3,Anchal Gupta,8527933057,12 Hours,C1,,Monthly,1350,Cash,2026-04-03,2026-09-03,2026-10-03,,YES,YES,,,,,,
4,Binit Mishra,7979823634,12 Hours,H10,,Monthly,1200,Cash,2026-05-02,2026-10-02,2026-11-01,,YES,YES,YES,,,,,
5,Himanshu Sharma,9084113671,12 Hours,B6,,Monthly,1350,Cash,2026-04-15,2026-07-15,2026-08-14,DON’T know him,YES,,,,,,,
6,Subham Saini,8796210433,12 Hours,E10,,Monthly,0,Cash,,,,,,,,,,,,
7,Sahil Kumar Singh,8081022788,12 Hours,E1,,Monthly,0,Cash,,,,,,,,,,,,
8,Nancy Yadav,8307001181,12 Hours,J,,Monthly,3600,Cash,2026-04-03,2026-08-03,2026-09-02,"3 months fess (APRIL,MAY,JUNE)",YES,YES,,,,,,
9,Agyat Choudhary,8826783185,12 Hours,D3,,Monthly,0,Cash,,,,,,,,,,,,
10,Manisha Yadav,9810755027,12 Hours,G10,,Monthly,1200,Cash,2026-04-02,2026-09-02,2026-10-02,Cash paid to tarun,YES,YES,,,,,,
11,Manish Yadav,9136991369,12 Hours,D6,S-1,Monthly,1350,Cash,2026-05-06,2026-08-06,2026-09-05,,YES,YES,,,,,,
12,Shivam Verma,8557836955,12 Hours,E6,,Monthly,0,Cash,,,,,,,,,,,,
13,Deepika Yadav,8295307758,12 Hours,H1,,Monthly,1350,Cash,2026-04-01,2026-07-01,2026-07-31,Cash paid,YES,YES,,,,,,
14,Chhavi,8860388936,12 Hours,B9,,Monthly,0,Cash,,,,,,,,,,,,
15,Annu Yadav (Chacha Sombir),8800047234,6 Hours,Pending,,Monthly,0,Cash,,,,,,,,,,,,
16,Hema Phogat,8800170950,12 Hours,C7,,Monthly,1200,Cash,2026-04-12,2026-08-12,2026-09-11,June fess pending,YES,YES,,,,,,
17,Satyam Ojha,9667697573,12 Hours,B10,,Monthly,1350,Cash,2026-05-02,2026-08-02,2026-09-01,,YES,,,,,,,
18,Vidhi Yadav,9217811377,12 Hours,H7,,Monthly,1500,Cash,2026-05-22,2026-08-22,2026-09-21,terminate membeship,YES,,,,,,,
19,Akansha,8287889923,12 Hours,Pending,,Monthly,0,Cash,2026-07-02,2026-08-02,2026-09-01,,,,,,,,,
20,Ghanshyam,9808902012,12 Hours,A7,,Monthly,1350,Cash,2026-05-02,2026-09-02,2026-10-02,,YES,YES,,,,,,
21,Naveen Meel,8769471595,12 Hours,A6,,Monthly,3000,Cash,2026-05-02,2026-05-02,2026-07-31,300 bal,YES,YES,YES,,,,,
22,Vipin Kurmar,9053101898,12 Hours,Pending,S-2,Customize,100,Cash,,,,,,,,,,,,
23,Sushant,7290058300,12 Hours,Pending,,Monthly,0,Cash,,,,he will talk goru,,,,,,,,
24,Prince,8700788948,12 Hours,Pending,,Monthly,0,Cash,,,,,,,,,,,,
25,M.Kavinmani,70067840053,12 Hours,H5,,Monthly,0,Cash,,,,,,,,,,,,
26,Arun Gupta,9560629914,6 Hours,J,,Monthly,1000,Cash,2026-04-02,2026-10-02,2026-11-01,Look register,not recived,,,,,,,
27,Vivek Tiwari,9711961946,12 Hours,G6,,Monthly,1350,Cash,2026-04-16,2026-07-16,2026-08-15,remove his books,YES,YES,,,,,,
28,Pruthvi Raj,9527020436,6 Hours,Pending,,Monthly,1200,Cash,2026-08-27,2026-08-27,2026-09-26,will re join after 15 aug,YES,YES,,,,,,
29,Harsh Kumar,7903089965,6 Hours,E6,S3,Monthly,1000,Cash,2026-09-04,2026-10-04,2026-11-03,check msg for fees,YES,,,,,,,
30,Karan Aggarwal,9034220879,6 Hours,Pending,,Monthly,1000,Cash,2026-05-01,2026-07-01,2026-07-31,Due on 01 july 2026,,YES,,,,,,
31,Rishab Sharma,9871510313,6 Hours,Pending,,Monthly,800,Cash,2026-05-19,2026-09-19,2026-10-19,Due on 19 JUNE 2026,YES,,,,,,,
32,Parvesh B,9306935099,6 Hours,Pending,,Monthly,900,Cash,2026-05-07,2026-09-07,2026-10-07,900 recived,YES,YES,YES,,,,,
33,Naman Rawat,9634618514,24 Hours,E7,,Monthly,1500,Cash,2026-05-02,2026-07-02,2026-08-01,Due on 02 july 2026,Yes,,,,,,,
34,Monika Choudhary,9650587191,12 Hours,H4,,Monthly,1200,Cash,2026-04-08,2026-09-08,2026-10-08,Due on 03 june2026,YES,,,,,,,
35,Ajay Yadav,7701822202,12 Hours,B4,,Monthly,1500,Cash,2026-04-04,2026-09-04,2026-10-04,cash paid 1500,YES,YES,YES,,,,,
36,Hariom Rai,8595018073,12 Hours,H3,,Monthly,1350,Cash,2026-07-02,2026-07-02,2026-08-01,Terminate,YES,,YES,,,,,
37,Radhey Sahu,9650165364,12 Hours,B7,,Monthly,1400,Cash,2026-06-01,2026-09-01,2026-10-01,DUE 01 JULY 2026,,YES,YES,,,,,
38,Laxmi Sehrawat,7015575687/9812700000,12 Hours,F4,,Monthly,1300,Cash,2026-02-02,2026-07-02,2026-08-01,Fess paid 2300 bal 300 more details check whatsapp,YES,YES,,,,,,
39,Raksha Wankhede,6266138072,6 Hours,Pending,,Customize,1800,Cash,2026-03-27,2026-07-27,2026-09-25,DUE on 27 Aug 2026,,,,,,,,
40,Kushal Shekwat,8796433231,12 Hours,C10,,Monthly,0,Cash,,,,,,,,,,,,
41,Nitesh Vishwkrma,7879200776,6 Hours,Pending,,Monthly,900,Cash,2026-05-02,2026-10-02,2026-11-01,,YES,YES,,,,,,
42,Shalu Yadav,8383932596,12 Hours,Pending,,Monthly,1300,Cash,2026-06-03,2026-09-03,2026-10-03,,,YES,,,,,,
43,Neeraj Yadav,8527519495,12 Hours,Pending,,Monthly,0,Cash,,,,,,,,,,,,
44,Niharika,8168689751,12 Hours,Pending,,Monthly,1500,Cash,2026-08-02,2026-08-02,2026-09-01,,,Yes,,,,,,
45,Akshay Bhau,7030276291,12 Hours,Pending,,Monthly,1500,Cash,2026-08-22,2026-09-22,2026-10-22,,,,,,,,,
46,Shri ram hardware,,6 Hours,Pending,Yes,Monthly,800,Cash,2026-05-02,2026-05-02,2026-06-01,Due on 02 May 2026,NO,NO,,,,,,
47,Pulkit Verma,,24 Hours,E8,,Monthly,1500,Cash,2026-07-02,2026-08-02,2026-09-01,Naman paid his july fess,,,,,,,,
48,Sachin Sharma,8008866501,12 Hours,F7,,Monthly,1350,Cash,2026-04-03,2026-08-03,2026-09-02,Due on 03 june 2026,YES,,,,,,,
49,Narender Kumar,9354763084,12 Hours,G4,,Quarterly,2900,Cash,2026-04-07,2026-07-07,2026-10-05,"PAID FOR (7,8,9) MONTH",YES,YES,,,,,,
50,Sapna,8826243445,12 Hours,A10,,Monthly,1350,Cash,2026-06-02,2026-09-02,2026-10-02,Cash paid 1350,,YES,YES,,,,,
51,Meenakshi,7303939552,12 Hours,Pending,,Monthly,1100,Cash,2026-07-02,2026-09-02,2026-10-02,All Previous due clear,YES,YES,,,,,,
52,Chenderkant,8307960509,12 Hours,Pending,,Monthly,1500,Cash,2026-06-11,2026-07-11,2026-08-10,new admission,,YES,,,,,,
53,Vipin Yadav,9891728504,12 Hours,Pending,,Monthly,1500,Cash,2026-06-14,2026-06-14,2026-07-14,terminate,,Yes,,,,,,
54,Jitesh Parihar,7906777027,12 Hours,Pending,,Monthly,1500,Cash,2026-06-16,2026-09-16,2026-10-16,new admission,,YES,,,,,,
55,Priya Yadav,9821599249,12 Hours,E4,,Monthly,1500,Cash,2026-07-02,2026-08-02,2026-09-01,new admission,,YES,,,,,,
56,Vidhushi Yadav,8059163447,6 Hours,Pending,,Monthly,1200,Cash,2026-07-02,2026-09-02,2026-10-02,new admission,,YES,,,,,,
57,Khushi Yadav (Mannu Metha),8930995435,12 Hours,Pending,,Monthly,1200,Cash,2026-07-02,2026-09-02,2026-10-02,"paid 3 months together (7,8,9)",,,,,,,,
58,Shreyash,8545943312,12 Hours,Pending,,Monthly,1350,Cash,2026-07-04,2026-09-04,2026-10-04,,,,,,,,,
59,Deepak Kumar,7011490356,12 Hours,Pending,,Monthly,1500,Cash,2026-07-03,2026-10-03,2026-11-02,,,,,,,,,
60,Lokesh sharma,7206019105,12 Hours,Pending,,Monthly,1500,Cash,2026-07-02,2026-07-02,2026-08-01,Terminate,,,,,,,,
61,Rishita Joshi,7895845679,6 Hours,Pending,,Monthly,1200,Cash,2026-07-02,2026-07-02,2026-08-01,terminate membeship,,,,,,,,
62,Navneet,7988249378,6 Hours,E7,,Monthly,1200,Cash,2026-07-04,2026-08-04,2026-09-03,paid 800 for this aug month only,,,,,,,,
63,Chunmesh Gurawaliya,9050360958,12 Hours,F10,,Monthly,1500,Cash,2026-07-02,2026-10-02,2026-11-01,,,,,,,,,
64,Charan kumar  (NON RES),9121491196,6 Hours,NR,,Monthly,1200,Cash,2026-07-12,2026-07-12,2026-08-11,NEW ADD,,,YES,,,,,
65,Piyush Raj,9217497149,12 Hours,G9,,Monthly,1500,Cash,2026-07-12,2026-08-12,2026-09-11,NEW ADD,,,YES,,,,,
66,Muskan Rajput,8799766581,12 Hours,Pending,,Monthly,1350,Cash,2026-07-02,2026-07-02,2026-08-01,Terminate,,,,,,,,
67,Rahul,7495048289,12 Hours,Pending,,Monthly,1500,Cash,2026-07-08,2026-07-08,2026-08-07,Terminate,,,,,,,,
68,leesha,8595583809,12 Hours,Pending,,Monthly,1500,Cash,2026-07-14,2026-09-14,2026-10-14,NEW ADD,,,YES,,,,,
69,Vishal Nehra,9350365152,12 Hours,Pending,,Monthly,1500,Cash,2026-07-06,2026-07-06,2026-08-05,NEW ADD,,,,,,,,
70,Sonu Rawat,7056275097,12 Hours,Pending,,Monthly,1500,Cash,2026-06-22,2026-07-22,2026-08-21,NEW ADD,,,,,,,,
71,Vinay Yadav,9717862004,12 Hours,Pending,,Monthly,1200,Cash,2026-07-20,2026-07-20,2026-08-19,NEW ADD,,,,,,,,
72,Ritika Yadav,7428645936,12 Hours,Pending,,Monthly,1350,Cash,2026-07-16,2026-07-16,2026-08-15,NEW ADD,,,,,,,,
73,Lakshita Verma,9541881102,6 Hours,Pending,,Monthly,1200,Cash,2026-09-01,2026-09-01,2026-10-01,,,,,,,,,
74,Naveen kumar,9550344450,6 Hours,Pending,,Monthly,1000,Cash,2026-07-13,2026-09-13,2026-10-13,NEW ADD,,,,,,,,
75,Arun Kumar Pothala,6305046425,6 Hours,Pending,,Monthly,1000,Cash,2026-07-13,2026-08-13,2026-09-12,New Add,,,,,,,,
76,Kimti Kumari,9263171200,12 Hours,Pending,,Monthly,1350,Cash,2026-07-24,2026-07-24,2026-08-23,New Add,,,,,,,,
77,Faijan,7417628086,12 Hours,Pending,,Monthly,1350,Cash,2026-07-25,2026-07-25,2026-08-24,Leave,,,,,,,,
78,Gaurav Yadav,7840001141,12 Hours,Pending,,Monthly,1000,Cash,2026-10-02,2026-10-02,2026-11-01,New Add,,,,,,,,
79,Mohit Tanwar,9910686924,12 Hours,Pending,,Monthly,1200,Cash,2026-07-22,2026-07-22,2026-08-21,,,,,,,,,
80,Gaju,9911559516,12 Hours,Pending,,Monthly,1350,Cash,2026-07-17,2026-09-17,2026-10-17,,,,,,,,,
81,Kaushlender singh,9559328254,12 Hours,Pending,,Monthly,1500,Cash,2026-08-01,2026-08-01,2026-08-31,,,,,,,,,
82,Brijesh Yadav,7428565462,12 Hours,Pending,,Monthly,1400,Cash,2026-08-18,2026-09-18,2026-10-18,,,,,,,,,
83,Daksh Yadav,9953172575,12 Hours,Pending,,Monthly,1500,Cash,2026-08-18,2026-08-18,2026-09-17,,,,,,,,,
84,Amit Kumar,8003670250,6 Hours,Pending,,Monthly,1000,Cash,2026-08-15,2026-08-15,2026-09-14,,,,,,,,,
85,Bainaboina,6302933859,6 Hours,F2,,Monthly,1100,Cash,2026-08-16,2026-09-16,2026-10-16,,,,,,,,,
86,Kundan kumar,8638896754,6 Hours,Pending,,Monthly,600,Cash,2026-08-18,2026-08-18,,,,,,,,,,
87,Rahul kumar,7667689779,12 Hours,Pending,,Monthly,1500,Cash,2026-08-09,2026-08-09,2026-09-08,,,,,,,,,
88,Rahul Raj,8825351846,12 Hours,C8,,Monthly,1350,Cash,2026-09-03,2026-09-03,2026-10-03,,,,,,,,,
89,Suchitra,9016587778,6 Hours,E5,,Monthly,1200,Cash,2026-09-09,2026-09-09,2026-10-09,,,,,,,,,
90,Shashikant singh,9113192669,6 Hours,E8,,Monthly,1400,Cash,2026-09-08,2026-09-08,2026-10-08,,,,,,,,,
91,Saurabh Tiwari,7042712184,12 Hours,Pending,,Monthly,1500,Cash,2026-09-12,2026-09-12,2026-10-12,,,,,,,,,
92,Ashutosh Pandey,9873655721,12 Hours,E3,,Monthly,1500,Cash,2026-09-20,2026-09-20,2026-10-20,,,,,,,,,
93,Harsh Yadav,9034450723,12 Hours,NR,,Monthly,1500,Cash,2026-10-01,2026-10-01,2026-10-31,only for 1 month,,,,,,,,
94,Rashid Khan,8003037715,6 Hours,NR,,Monthly,1000,Cash,2026-09-09,2026-09-09,2026-10-09,,,,,,,,,
95,Shivam Singh,9266104871,6 Hours,Pending,,Monthly,1200,Cash,2026-09-02,2026-09-02,2026-10-02,,,,,,,,,
96,Piyush Mangal Chahande,8888203750,6 Hours,Pending,,Monthly,1200,Cash,2026-08-23,2026-09-23,2026-10-23,,,,,,,,,
97,Krishna kumari,8103350714,6 Hours,Pending,,Monthly,900,Cash,2026-09-17,2026-09-17,2026-10-17,,,,,,,,,