S.no,Name of Students ,Mobile No.,6Hr Shift ,12 Hr Shift,24 Hr Shift,Adhar Number,Monthly ,3 Month,6 Month,12 Month ,Seat No.,Card no.,Daily 
1,Himanshu Partap ,9125462201,,YES,,,,,,,G8,,
2,Neeru Yadav,9289572374,,YES,,,,,,,A9,,
3,Anchal Gupta ,8527933057,,YES,,,,,,,C1,,
4,Binit Mishra,7979823634,,YES,,,,,,,H10,,
5,Himanshu Sharma,9084113671,,YES,,,,,,,B6,,
6,Subham Saini,8796210433,,YES,,,,,,,E10,,
7,Sahil Kumar Singh,8081022788,,YES,,,,,,,E1,,
8,Nancy Yadav ,8307001181,,YES,,,,,,,J,,
9,Agyat Choudhary,8826783185,,YES,,,,,,,D3,,
10,Manisha Yadav,9810755027,,YES,,,,,,,G10,,
11,Manish Yadav,9136991369,,YES,,,,,,,D6,S-1,
12,Shivam Verma,8557836955,,YES,,,,,,,E6,,
13,Deepika Yadav,8295307758,,YES,,,,,,,H1 ,,
14,Chhavi,8860388936,,YES,,,,,,,B9,,
15,Annu Yadav (Chacha Sombir),8800047234,YES,,,,,,,,,,
16,Hema Phogat,8800170950,,Yes,,,,,,,C7,,
17,Satyam Ojha,9667697573,,Yes,,,,,,,B10,,
18,Vidhi Yadav,9217811977,,Yes,,,,,,,H7,,
19,Akansha,8287889923,,Yes,,,,,,,,,
20,Ghanshyam,9808902012,,Yes,,,,,,,A7,,
21,Naveen Meel,8769471595,,Yes,,,,,,,A6,,
22,Vipin Kurmar,9053101898,,Yes,,,,,,,,S-2,YES
23,Sushant,7290058300,,Yes,,,,,,,,,
24,Prince,8700788948,,Yes,,,,,,,,,
25,M.Kavinmani,70067840053,,Yes,,,,,,,H5,,
26,Arun Gupta,9560629914,YES,,,,,,,,J,,
27,Vivek Tiwari,9711961946,,YES,,,,,,,G6,,
28,Pruthvi Raj,9527020436,YES,,,,,,,,,,
29,Harsh Kumar,7903089965,YES,,,,,,,,,S3,
30,Karan Aggarwal,9034220879,YES,,,,,,,,,,
31,Rishab Sharma,9711787740,YES,,,,,,,,,,
32,Parvesh B,9306935099,YES,,,,,,,,,,
33,Naman Rawat,9634618514,,,YES,,,,,,,,
34,Monika Choudhary,9650587191,,YES,,,,,,,H4,,
35,Ajay Yadav,7701822202,,YES,,,,,,,B4,,
36,Hariom Rai,8595018073,,YES,,,,,,,H3,,
37,Radhey Sahu,9600165364,,YES,,,,,,,B7,,
38,Laxmi Sehrawat,7015575687/9812700000,,YES,,,,,,,F4,,
39,Raksha Wankhede,6266138072,YES,,,,,,,,,,
40,Kushal Shekwat,8796433231,,YES,,,,,,,C10,,
41,Nitesh Vishwkrma,7879200776,YES,,,,,,,,,,
42,Shalu Yadav,8383932596,,YES,,,,,,,,,
43,Neeraj Yadav,8527519495,,YES,,,,,,,,,
44,Niharika ,8168689751,,YES,,,,,,,,,
45,Akshay Ghule,7030276291,YES,,,,,,,,,,
46,Shri ram hardware ,,YES,,,,,,,,,Yes,
,FESS REPORT SHEET,,,,,,,,,,,,,,,,,,,,,,,,,,
S.no,Name of Students ,Mobile No.,6Hr Shift ,12 Hr Shift,24 Hr Shift,Adhar Number,Monthly ,3 Month,6 Month,12 Month ,Seat No.,Card no.,Daily ,FESS,Last Payment Date,JOIN,Due Date,,REMARK,MAY,JUNE,JULY,AUG,SEP,OCT,NOV,DEC
1,Himanshu Partap ,9125462201,,YES,,,,,,,G8,,,1350,2026-07-10,2026-05-10,2026-08-09,Due,terminate,YES,YES,YES,,,,,
2,Neeru Yadav,9289572374,,YES,,,,,,,A9,,,1350,2026-08-02,2026-08-02,2026-09-01,Due,,YES,YES,,,,,,
3,Anchal Gupta ,8527933057,,YES,,,,,,,C1,,,1350,2026-08-03,2026-04-03,2026-09-02,Due,,YES,YES,,,,,,
4,Binit Mishra,7979823634,,YES,,,,,,,H10,,,1200,2026-08-02,2026-05-02,2026-09-01,Due,,YES,YES,YES,,,,,
5,Himanshu Sharma,9084113671,,YES,,,,,,,B6,,,1350,2026-07-15,2026-04-15,2026-08-14,Due,DON’T know him ,YES,,,,,,,
6,Nancy Yadav ,8307001181,,YES,,,,,,,J,,,3600,2026-08-03,2026-04-03,2026-09-02,Due,"3 months fess (APRIL,MAY,JUNE)",YES,YES,,,,,,
7,Manisha Yadav,9810755027,,YES,,,,,,,G10,,,1200,2026-08-02,2026-04-02,2026-09-01,Due,Cash paid to tarun ,YES,YES,,,,,,
8,Manish Yadav,9136991369,,YES,,,,,,,D6,S-1,,1350,2026-08-06,2026-05-06,2026-09-05,Due,,YES,YES,,,,,,
9,Deepika Yadav,8295307758,,YES,,,,,,,H1 ,,,1350,2026-07-01,2026-04-01,2026-07-31,Due,Cash paid,YES,YES,,,,,,
10,Annu Yadav (Chacha Sombir),8800047234,YES,,,,,,,,,,,,,,,,,,,,,,,,
11,Hema Phogat,8800170950,,Yes,,,,,,,C7,,,1200,2026-08-12,2026-04-12,2026-09-11,Due,June fess pending,YES,YES,,,,,,
12,Satyam Ojha,9667697573,,Yes,,,,,,,B10,,,1350,2026-08-02,2026-05-02,2026-09-01,Due,,YES,,,,,,,
13,Vidhi Yadav,9217811377,,Yes,,,,,,,H7,,,1500,2026-08-22,2026-05-22,2026-09-21,Due,terminate membeship,YES,,,,,,,
14,Akansha,8287889923,,Yes,,,,,,,,,,,2026-08-02,2026-07-02,2026-09-01,Due,,,,,,,,,
15,Ghanshyam,9808902012,,Yes,,,,,,,A7,,,1350,2026-08-02,2026-05-02,2026-09-01,Due,,YES,YES,,,,,,
16,Naveen Meel,8769471595,,Yes,,,,,,,A6,,,3000,2026-05-02,2026-05-02,2026-07-31,Due,300 bal,YES,YES,YES,,,,,
17,Vipin Kurmar,9053101898,,Yes,,,,,,,,S-2,YES,100 per day ,,,,,,,,,,,,,
18,Sushant,7290058300,,Yes,,,,,,,,,,,,,,,he will talk goru ,,,,,,,,
19,Arun Gupta,9560629914,YES,,,,,,,,J,,,1000,2026-08-02,2026-04-02,2026-09-01,Due,Look register,not recived ,,,,,,,
20,Vivek Tiwari,9711961946,,YES,,,,,,,G6,,,1350,2026-07-16,2026-04-16,2026-08-15,Due,remove his books ,YES,YES,,,,,,
21,Pruthvi Raj,9527020436,YES,,,,,,,,,,,1200,2026-08-27,2026-08-27,2026-09-26,Due,will re join after 15 aug ,YES,YES,,,,,,
22,Harsh Kumar,7903089965,YES,,,,,,,,,S3,,800,2026-06-19,2026-05-19,2026-07-19,Due,terminate  his  membeship,YES,,,,,,,
23,Karan Aggarwal,9034220879,YES,,,,,,,,,,,1000,2026-07-01,2026-05-01,2026-07-31,Due,Due on 01 july 2026,,YES,,,,,,
24,Rishab Sharma,9871510313,YES,,,,,,,,,,,800,2026-08-19,2026-05-19,2026-09-18,Due,Due on 19 JUNE 2026,YES,,,,,,,
25,Parvesh B,9306935099,YES,,,,,,,,,,,900,2026-08-07,2026-05-07,2026-09-06,Due,900 recived,YES,YES,YES,,,,,
26, Pulkit Verma ,,,,YES,,,,,,E8,,,1500,2026-08-02,2026-07-02,2026-09-01,Due,Naman paid his july fess ,,,,,,,,
27,Naman Rawat,9634618514,,,YES,,,,,,E7,,,1500,2026-07-02,2026-05-02,2026-08-01,Due,Due on 02 july 2026,Yes,,,,,,,
28,Monika Choudhary,9650587191,,YES,,,,,,,H4,,,1000,2026-06-03,2026-04-03,2026-09-01,Due,Due on 03 june2026,YES,,,,,,,
29,Ajay Yadav,7701822202,,YES,,,,,,,B4,,,1500,2026-08-04,2026-04-04,2026-09-03,Due,cash paid 1500,YES,YES,YES,,,,,
30,Hariom Rai,8595018073,,YES,,,,,,,H3,,,1350,2026-07-02,2026-07-02,2026-08-01,Due,Terminate,YES,,YES,,,,,
31,Radhey Sahu,9650165364,,YES,,,,,,,B7,,,1400,2026-08-01,2026-06-01,2026-08-31,Due,DUE 01 JULY 2026,,YES,YES,,,,,
32,Laxmi Sehrawat,7015575687/9812700000,,YES,,,,,,,F4,,,1300,2026-07-02,2026-02-02,2026-08-01,Due,Fess paid 2300 bal 300 more details check whatsapp,YES,YES,,,,,,
33,Raksha Wankhede,6266138072,YES,,,,,,,,,,,1800 ( for 2 months),2026-07-27,2026-03-27,2026-09-25,Due,DUE on 27 Aug 2026,,,,,,,,
34,Nitesh Vishwkrma,7879200776,YES,,,,,,,,,,,900,2026-08-02,2026-05-02,2026-09-01,Due,,YES,YES,,,,,,
35,Shalu Yadav,8383932596,,YES,,,,,,,,,,1300,2026-08-03,2026-06-03,2026-09-02,Due,,,YES,,,,,,
36,Niharika ,8168689751,,YES,,,,,,,,,,1500,2026-08-02,2026-08-02,2026-09-01,Due,,,Yes,,,,,,
37,Shri ram hardware ,,YES,,,,,,,,,Yes,,800,2026-05-02,2026-05-02,2026-06-01,Due,Due on 02 May 2026,NO,NO,,,,,,
38,Sachin Sharma ,8008866501,,YES,,,,,,,F7,,,1350,2026-08-03,2026-04-03,2026-09-02,Due,Due on 03 june 2026,YES,,,,,,,
39,Narender Kumar,9354763084,,YES,,,,,,,G4,,,2900,2026-07-07,2026-04-07,2026-10-05,Due,cash recived by tarun,YES,YES,,,,,,
40,Sapna,8826243445,,YES,,,,,,,A10,,,1350,2026-08-02,2026-06-02,2026-09-01,Due,Cash paid 1350,,YES,YES,,,,,
41,Meenakshi,7303939552,,YES,,,,,,,,,,1100,2026-08-02,2026-07-02,2026-09-01,Due,All Previous due clear ,YES,YES,,,,,,
42,Chenderkant ,8307960509,,YES,,,,,,,,,,1500,2026-07-11,2026-06-11,2026-08-10,Due,new admission,,YES,,,,,,
43,Vipin Yadav,9891728504,,YES,,,,,,,,,,1500,2026-06-14,2026-06-14,2026-07-14,Due,terminate,,Yes,,,,,,
44,Jitesh Parihar,7906777027,,YES,,,,,,,,,,1500,2026-08-16,2026-06-16,2026-09-15,Due,new admission,,YES,,,,,,
45,Priya Yadav,9821599249,,YES,,,,,,,E4,,,1500,2026-08-02,2026-07-02,2026-09-01,Due,new admission,,YES,,,,,,
46,Vidhushi Yadav ,8059163447,YES,,,,,,,,,,,1200,2026-08-02,2026-07-02,2026-09-01,Due,new admission,,YES,,,,,,
47,Khushi Yadav (Mannu Metha),8930995435,,YES,,,,,,,,,,1200,2026-07-02,2026-07-02,2026-08-01,Due,new admission,,,,,,,,
48,Shreyash,8545943312,,YES,,,,,,,,,,1500,2026-08-04,2026-07-04,2026-09-03,Due,,,,,,,,,
49,Deepak Kumar,7011490356,,YES,,,,,,,,,,1500,2026-08-03,2026-07-03,2026-09-02,Due,,,,,,,,,
50,Lokesh sharma ,7206019105,,YES,,,,,,,,,,1500,2026-07-02,2026-07-02,2026-08-01,Due,Terminate,,,,,,,,
51,Rishita Joshi,7895845679,YES,,,,,,,,,,,1200,2026-07-02,2026-07-02,2026-08-01,Due,terminate membeship,,,,,,,,
52,Navneet ,7988249378,YES,,,,,,,,E7,,,1200,2026-08-04,2026-07-04,2026-09-03,Due,paid 800 for this aug month only ,,,,,,,,
53,Chunmesh Gurawaliya,9050360958,,YES,,,,,,,F10,,,1500,2026-08-02,2026-07-02,2026-09-01,Due,,,,,,,,,
54,Charan kumar  (NON RES),9121491196,YES,,,,,,,,NR,,,1200,2026-07-12,2026-07-12,2026-08-11,Due,NEW ADD,,,YES,,,,,
55,Piyush Raj,9217497149,,YES,,,,,,,G9,,,1500,2026-08-12,2026-07-12,2026-09-11,Due,NEW ADD,,,YES,,,,,
56,Muskan Rajput ,8799766581,,YES,,,,,,,,,,1350,2026-07-02,2026-07-02,2026-08-01,Due,Terminate,,,,,,,,
57,Rahul ,7495048289,,YES,,,,,,,,,,1500,2026-07-08,2026-07-08,2026-08-07,Due,Terminate,,,,,,,,
58,leesha ,8595583809,,YES,,,,,,,,,,1500,2026-08-14,2026-07-14,2026-09-13,Due,NEW ADD,,,YES,,,,,
59,Vishal Nehra,9350365152,,YES,,,,,,,,,,1500,2026-07-06,2026-07-06,2026-08-05,Due,NEW ADD,,,,,,,,
60,Sonu Rawat,7056275097,,YES,,,,,,,,,,1500,2026-07-22,2026-06-22,2026-08-21,Due,NEW ADD,,,,,,,,
61,Vinay Yadav,9717862004,,YES,,,,,,,,,,1200,2026-07-20,2026-07-20,2026-08-19,Due,NEW ADD,,,,,,,,
62,Ritika Yadav,7428645936,,YES,,,,,,,,,,1350,2026-07-16,2026-07-16,2026-08-15,Due,NEW ADD,,,,,,,,
63,Lakshita Verma ,9541881102,YES,,,,,,,,,,,1200,2026-09-01,2026-09-01,2026-10-01,Due,,,,,,,,,
64,Naveen kumar ,9550344450,YES,,,,,,,,,,,1000,2026-08-13,2026-07-13,2026-09-12,Due,NEW ADD,,,,,,,,
65,Arun Kumar Pothala,6305046425,YES,,,,,,,,,,,1000,2026-08-13,2026-07-13,2026-09-12,Due,New Add,,,,,,,,
66,Kimti Kumari,9263171200,,YES,,,,,,,,,,1350,2026-07-24,2026-07-24,2026-08-23,Due,New Add,,,,,,,,
66,Faijan ,7417628086,,Yes,,,,,,,,,,1350,2026-07-25,2026-07-25,2026-08-24,Due,New Add,,,,,,,,
67,Gaurav Yadav,7840001141,,YES,,,,,,,,,,1350,2026-08-26,2026-07-26,2026-09-25,Due,New Add,,,,,,,,
68,Mohit Tanwar ,9910686924,,YES,,,,,,,,,,1200,2026-07-22,2026-07-22,2026-08-21,Due,,,,,,,,,
69,Gaju,9911559516,,YES,,,,,,,,,,1350,2026-08-17,2026-07-17,2026-09-16,Due,,,,,,,,,
70,Kaushlender singh,9559328254,,Yes,,,,,,,,,,1500,2026-08-01,2026-08-01,2026-08-31,Due,,,,,,,,,
71,Brijesh Yadav,7428565462,,YES,,,,,,,,,,1400,2026-08-18,2026-08-18,2026-09-17,Due,,,,,,,,,
72,Daksh Yadav,9953172575,,YES,,,,,,,,,,1500,2026-08-18,2026-08-18,2026-09-17,Due,,,,,,,,,
73,Amit Kumar,8003670250,YES,,,,,,,,,,,1000,2026-08-15,2026-08-15,2026-09-14,Due,,,,,,,,,
74,Bainaboina ,6302933859,YES,,,,,,,,F-2,,,1100,2026-08-16,2026-08-16,2026-09-15,Due,,,,,,,,,
75,Kundan kumar ,8638896754,YES,,,,,,,,,,,600 for 10 days,,2026-08-18,,,,,,,,,,,
76,Akshay Bhau ,7030276291,,YES,,,,,,,,,,1500,2026-08-22,2026-08-22,2026-09-21,Due,,,,,,,,,
78,Rahul kumar,7667689779,,YES,,,,,,,,,,1500,2026-08-09,2026-08-09,2026-09-08,Due,,,,,,,,,
79,Rahul raj ,8825351846,YES,,,,,,,,C-08,,,1350,2026-09-03,2026-09-03,2026-10-03,Due,,,,,,,,,
80,Suchitra,9016587778,YES,,,,,,,,E-05,,,1200,2026-09-09,2026-09-09,2026-10-09,Not Due,,,,,,,,,
81,Shashikant singh,9113192669,YES,,,,,,,,E-08,,,1400,2026-09-08,2026-09-08,2026-10-08,Not Due,,,,,,,,,
12 hr students,,,,,,,,,,,,,,
S.no,Name of Students ,Mobile No.,Adhar Number,Monthly ,Seat No.,Card no.,FESS,Cash,UPI,Last Payment Date,JOIN,Due Date,,REMARK
1,Neeru Yadav,9289572374,,,,,1350,,,2026-09-02,2026-08-02,2026-10-02,Due,
2,Anchal Gupta ,8527933057,,,,,1350,,,2026-09-03,2026-04-03,2026-10-03,Due,
3,Binit Mishra,7979823634,,,,,1200,,,2026-10-02,2026-05-02,2026-11-01,Not due,
4,Manisha Yadav,9810755027,,,,,1200,,,2026-09-02,2026-04-02,2026-10-02,Due,
5,Ghanshyam,9808902012,,,,,1350,,,2026-09-02,2026-05-02,2026-10-02,Due,
6,Monika Choudhary,9650587191,,,,,1200,,,2026-09-08,2026-04-08,2026-10-08,Not due,
7,Ajay Yadav,7701822202,,,,,1500,,,2026-09-04,2026-04-04,2026-10-04,Due,
8,Radhey Sahu,9650165364,,,,,1400,,,2026-09-01,2026-06-01,2026-10-01,Due,
9,Shalu Yadav,8383932596,,,,,1300,,,2026-09-03,2026-06-03,2026-10-03,Due,
10,Narender Kumar,9354763084,,3,,,2900,,,2026-07-07,2026-04-07,2026-10-05,About to due,"PAID FOR (7,8,9) MONTH"
11,Sapna,8826243445,,,,,1350,,,2026-09-02,2026-06-02,2026-10-02,Due,
12,Meenakshi,7303939552,,,,,1100,,,2026-09-02,2026-07-02,2026-10-02,Due,
13,Jitesh Parihar,7906777027,,,,,1500,,,2026-09-16,2026-06-16,2026-10-16,Not due,
14,Khushi Yadav (Mannu Metha),8930995435,,,,,1200,,,2026-09-02,2026-07-02,2026-10-02,Due,"paid 3 months together (7,8,9) "
15,Shreyash,8545943312,,,,,1350,,,2026-09-04,2026-07-04,2026-10-04,Due,
16,Deepak Kumar,7011490356,,,,,1500,,,2026-10-03,2026-07-03,2026-11-02,Not due,
17,Chunmesh Gurawaliya,9050360958,,,,,1500,,,2026-10-02,2026-07-02,2026-11-01,Not due,
18,Piyush Raj,9217497149,,,,,1500,,,2026-08-12,2026-07-12,2026-09-11,Due,
19,leesha ,8595583809,,,,,1500,,,2026-09-14,2026-07-14,2026-10-14,Not due,
20,Faijan ,7417628086,,,,,1350,,,2026-07-25,2026-07-25,2026-08-24,Due,Leave
21,Gaurav Yadav,7840001141,,,,,1000,,,2026-10-02,2026-10-02,2026-11-01,Not due,
22,Gaju,9911559516,,,,,1350,,,2026-09-17,2026-07-17,2026-10-17,Not due,
23,Kaushlender singh,9559328254,,,,,1500,,,2026-08-01,2026-08-01,2026-08-31,Due,
24,Brijesh Yadav,7428565462,,,,,1400,,,2026-09-18,2026-08-18,2026-10-18,Not due,
25,Akshay Bhau ,7030276291,,,,,1500,,,2026-09-22,2026-08-22,2026-10-22,Not due,
26,Saurabh Tiwari,7042712184,,,,,1500,,,2026-09-12,2026-09-12,2026-10-12,Not due,
27,Shashikant Singh,9113192669,,,E-08,,1400,,,2026-09-09,2026-09-09,2026-10-09,Not due,
28,Rahul Raj,8825351846,,,C-08,,1350,,,2026-09-03,2026-09-03,2026-10-03,Due,
29,Ashutosh Pandey,9873655721,,,E-03,,1500,,,2026-09-20,2026-09-20,2026-10-20,Not due,
30,Harsh Yadav,9034450723,,,NR,,1500,,,2026-10-01,2026-10-01,2026-10-31,Not due,only for 1 month
6 Hrs Shift students Data,,,,,,,,,,,,,,
S.no,Name of Students ,Mobile No.,Adhar Number,Monthly ,Seat No.,Card no.,FESS,Cash,Upi,Last Payment Date,JOIN,Due Date,,REMARK
1,Arun Gupta,9560629914,,,J,,1000,,,2026-10-02,2026-04-02,2026-11-01,Not due,
2,Rishab Sharma,9871510313,,,,,800,,,2026-09-19,2026-05-19,2026-10-19,Not due,
3,Parvesh B,9306935099,,,,,900,,,2026-09-07,2026-05-07,2026-10-07,About to due,
4,Raksha Wankhede,6266138072,,2,,,1800 ( for 2 months),,,2026-07-27,2026-03-27,2026-09-25,Due,
5,Nitesh Vishwkrma,7879200776,,,,,900,,,2026-10-02,2026-05-02,2026-11-01,Not due,
6,Shri ram hardware ,,,,,Yes,800,,,2026-05-02,2026-05-02,2026-06-01,Due,
7,Vidhushi Yadav ,8059163447,,,,,1200,,,2026-09-02,2026-07-02,2026-10-02,Due,
8,Naveen kumar ,9550344450,,,,,1000,,,2026-09-13,2026-07-13,2026-10-13,Not due,
9,Bainaboina ,6302933859,,,,,1100,,,2026-09-16,2026-08-16,2026-10-16,Not due,
10,Suchitra,9016587778,,,E-05,,1200,,,2026-09-09,2026-09-09,2026-10-09,Not due,
11,Shashikant singh,9113192669,,,E-08,,1400,,,2026-09-08,2026-09-08,2026-10-08,Not due,
12,Harsh Kumar,7903089965,,,E-06,,1000,,,2026-10-04,2026-09-04,2026-11-03,Not due,check msg for fees
13,Rashid Khan ,8003037715,,,N.R,,1000,,,2026-09-09,2026-09-09,2026-10-09,Not due,
14,Shivam Singh ,9266104871,,,,,1200,,,2026-09-02,2026-09-02,2026-10-02,Due,
15,Piyush Mangal Chahande,8888203750,,,,,1200,,,2026-09-23,2026-08-23,2026-10-23,Not due,
16,Krishna kumari ,8103350714,,,,,900,,,2026-09-17,2026-09-17,2026-10-17,Not due,